id	text	iset	nominal
1	that there is certainly no direct link between non-remunerated and remunerated donation and safety/ quality	22444 22445 22446 22447 22448 22449 22450 22451 22452 22453 22454 22455 22456 22457 22458	false
2	reciprocity	12191	true
3	of rules that are fair to all	12188 12193 12194 12195 12196 12197 12198	true
4	motivations	12344	true
5	purely criminal motivations	12342 12343 12344	true
6	that blood from a remunerated source is any less safe than blood from an unremunerated source	22661 22662 22663 22664 22665 22666 22667 22668 22669 22670 22671 22672 22673 22674 22675 22676	false
7	identical procedures for testing blood and plasma must be adopted which comply with the most recent techniques	22362 22363 22364 22365 22366 22367 22368 22369 22370 22371 22372 22373 22374 22375 22376 22377 22378	false
8	of transparency	12188 12189	true
9	an implementation issue	12055 12056 12057	true
10	to take these initiatives	21989 21990 21991 21992	false
11	These substances which have a potential for harm to the environment must be strictly controlled .	22204 22205 22206 22207 22208 22209 22210 22211 22212 22213 22214 22215 22216 22217 22218 22219	false
12	that European law takes precedence over national law	21844 21845 21846 21847 21848 21849 21850 21851	false
13	look at cooperation with the United States of America and other countries throughout the world	21622 21623 21624 21625 21626 21627 21628 21629 21630 21631 21632 21633 21634 21635 21636	false
14	regional competitiveness and employment objective	7390 7391 7392 7393 7394	true
15	to combat human trafficking	6622 6623 6624 6625	false
16	of continuous and sustainable reduction of pollutant emissions	19021 19022 19023 19024 19025 19026 19027 19028	true
17	the improvement of road safety	18870 18871 18872 18873 18874	true
18	the reduction of nitrogen emissions and noise levels	18861 18862 18863 18864 18865 18866 18867 18868	true
19	to break up the TV monopoly over premiership football	10331 10332 10333 10334 10335 10336 10337 10338 10339	false
20	for interest on deposits and on fines which arise under this pact to be , in principle , assigned to own resources	2007 2008 2009 2010 2011 2012 2013 2014 2015 2016 2017 2018 2019 2020 2021 2022 2023 2024 2025 2026 2027 2028	true
21	Am I serious ?	10464 10465 10466 10467	false
22	of the so-called golden rule on investment	1964 1965 1966 1967 1968 1969 1970	true
23	that the result of the Premier League auction will have beneficial effects for English football fans in both the short and long term	10543 10544 10545 10546 10547 10548 10549 10550 10551 10552 10553 10554 10555 10556 10557 10558 10559 10560 10561 10562 10563 10564 10565	false
24	of cross-references between a Council political declaration and the regulations	1939 1940 1941 1942 1943 1944 1945 1946 1947 1948	true
25	to view a significant number of the live Premier League matches and other sports through Setanta , which offers seven channels at the moment , including , for example , live Scottish football , live European football and live rugby	10600 10601 10602 10603 10604 10605 10606 10607 10608 10609 10610 10611 10612 10613 10614 10615 10616 10617 10618 10619 10620 10621 10622 10623 10624 10625 10626 10627 10628 10629 10630 10631 10632 10633 10634 10635 10636 10637 10638 10639	false
26	Is it right to re-run a vote with a different electorate ?	15869 15870 15871 15872 15873 15874 15875 15876 15877 15878 15879 15880	false
27	That is a challenge , especially when growth rates in many countries are lower than anticipated , and the resources deployed amount to only a few percentage points of the recipient countries ' gross domestic product	5900 5901 5902 5903 5904 5905 5906 5907 5908 5909 5910 5911 5912 5913 5914 5915 5916 5917 5918 5919 5920 5921 5922 5923 5924 5925 5926 5927 5928 5929 5930 5931 5932 5933 5934 5935	false
28	that this must be real , rather than apparent	5759 5760 5761 5762 5763 5764 5765 5766 5767	false
29	If Britain should decide to withdraw from the EU and thus cancel its contribution , do you have a Plan B ?	5525 5526 5527 5528 5529 5530 5531 5532 5533 5534 5535 5536 5537 5538 5539 5540 5541 5542 5543 5544 5545 5546	false
30	for labour mobility and a common European employment policy	3319 3320 3321 3322 3323 3324 3325 3326 3327	true
31	of negotiations with Parliament	2909 2910 2911 2912	true
32	to complete the trans-European networks	3207 3208 3209 3210 3211	false
33	that not only was it illegal but that he would instruct the French ski instructors to act accordingly	3365 3366 3367 3368 3369 3370 3371 3372 3373 3374 3375 3376 3377 3378 3379 3380 3381 3382	false
34	Agreement at European level	16315 16316 16317 16318	true
35	cooperation between the responsible institutions	16446 16447 16448 16449 16450	true
36	to combat terrorist activities	16455 16456 16457 16458	false
37	that the report should promote research to make batteries less environmentally harmful and to encourage the development of new recycling technologies	6811 6812 6813 6814 6815 6816 6817 6818 6819 6820 6821 6822 6823 6824 6825 6826 6827 6828 6829 6830 6831	false
38	that a 50 % recycling target should be set for non-hazardous batteries	6833 6834 6835 6836 6837 6838 6839 6840 6841 6842 6843 6844	false
39	to seek cooperation with countries outside the Union	6583 6584 6585 6586 6587 6588 6589 6590	false
40	that in 2002 almost half of all portable batteries sold in the EU-15 Member States were eventually incinerated or disposed of in landfills	6656 6657 6658 6659 6660 6661 6662 6663 6664 6665 6666 6667 6668 6669 6670 6671 6672 6673 6674 6675 6676 6677 6678	false
41	of safeguarding external frontiers	2202 2203 2204 2205	false
42	that uniformity is not necessarily unification	2231 2232 2233 2234 2235 2236	false
43	that European stability policy should be integrated into an economic regime	2310 2311 2312 2313 2314 2315 2316 2317 2318 2319 2320	false
44	It offers no real prospects for working people in Europe .	2658 2659 2660 2661 2662 2663 2664 2665 2666 2667 2668	false
45	that the Commission will finally carry out a thorough study of the safety , effectiveness and scope of non-conventional medicine and take steps towards harmonization	4009 4010 4011 4012 4013 4014 4015 4016 4017 4018 4019 4020 4021 4022 4023 4024 4025 4026 4027 4028 4029 4030 4031 4032 4033	false
46	that rules will be introduced in the interests of protecting public health , as well as in those of existing and perhaps future professions , not least in conventional medicine	4037 4038 4039 4040 4041 4042 4043 4044 4045 4046 4047 4048 4049 4050 4051 4052 4053 4054 4055 4056 4057 4058 4059 4060 4061 4062 4063 4064 4065 4066	false
47	for flexibility on various aspects	6221 6222 6223 6224 6225	true
48	for the guidelines to be more binding	2840 2841 2842 2843 2844 2845 2846	true
49	that informal dialogue has been possible with the Commission on issues including the broad economic policy guidelines	2880 2881 2882 2883 2884 2885 2886 2887 2888 2889 2890 2891 2892 2893 2894 2895 2896	false
50	to find the consensus that is needed	6125 6126 6127 6128 6129 6130 6131	false
51	Do you think that the Commission is paying enough attention to that case ?	12134 12135 12136 12137 12138 12139 12140 12141 12142 12143 12144 12145 12146 12147	false
52	that it is premature to grant Europol far-reaching powers	17342 17343 17344 17345 17346 17347 17348 17349 17350	false
53	that different national legal traditions mean that the way forward must be by cooperation , not harmonisation	17356 17357 17358 17359 17360 17361 17362 17363 17364 17365 17366 17367 17368 17369 17370 17371 17372	false
54	that Prime Minister al-Maliki tries to stop the violence through national reconciliation initiatives	12408 12409 12410 12411 12412 12413 12414 12415 12416 12417 12418 12419 12420	false
55	that this risk is also present in other countries	16889 16890 16891 16892 16893 16894 16895 16896 16897	false
56	that we have , ever since 2003 , been working very hard to stabilise Iraq , and we have spent to date EUR 513 million in doing so	12710 12711 12712 12713 12714 12715 12716 12717 12718 12719 12720 12721 12722 12723 12724 12725 12726 12727 12728 12729 12730 12731 12732 12733 12734 12735 12736 12737	false
57	that one has read the wrong document	3872 3873 3874 3875 3876 3877 3878	false
58	for complementary medicine to be regulated legally	3779 3780 3781 3782 3783 3784 3785	false
59	The point that different Member States have different regulations or problems	3920 3921 3922 3923 3924 3925 3926 3927 3928 3929 3930	true
60	that the military are moving into a position towards a possible coup d'etat	1271 1272 1273 1274 1275 1276 1277 1278 1279 1280 1281 1282 1283	false
61	for an immediate Turkish withdrawal from northern Iraq	1326 1327 1328 1329 1330 1331 1332 1333	true
62	that different Member States have different regulations or problems	3922 3923 3924 3925 3926 3927 3928 3929 3930	false
63	of reconstruction and rehabilitation	983 984 985 986	true
64	for the judicial system to be seen to operate fairly and transparently if it is to command the confidence of both the Russian population and the international community	11893 11894 11895 11896 11897 11898 11899 11900 11901 11902 11903 11904 11905 11906 11907 11908 11909 11910 11911 11912 11913 11914 11915 11916 11917 11918 11919 11920	true
65	to look after the interests of these tormented victims	16789 16790 16791 16792 16793 16794 16795 16796 16797	false
66	to respect internationally recognised standards	11812 11813 11814 11815 11816	false
67	the manner in which the laws are applied	12021 12022 12023 12024 12025 12026 12027 12028	true
68	to ensure that there is no sanctuary for terrorism in this European Union	16805 16806 16807 16808 16809 16810 16811 16812 16813 16814 16815 16816 16817	false
69	to intensify European anti-terrorist cooperation	16555 16556 16557 16558 16559	false
70	to be the sole legitimate representative	3571 3572 3573 3574 3575 3576	false
71	to absolute right	3581 3582 3583	true
72	that she was the bulwark against an Islamic Government in Turkey	1619 1620 1621 1622 1623 1624 1625 1626 1627 1628 1629	false
73	consultancy	18052	true
74	providing technical support to the Commission	18054 18055 18056 18057 18058 18059	true
75	that in the reports there is a role for Europol and Eurojust as well as between the Member States	21550 21551 21552 21553 21554 21555 21556 21557 21558 21559 21560 21561 21562 21563 21564 21565 21566 21567 21568	false
76	to ensure that we can put in place proper controls and measures	21494 21495 21496 21497 21498 21499 21500 21501 21502 21503 21504 21505	false
77	for minority rights to be respected in all the countries in that region , as well as in other candidate countries	11320 11321 11322 11323 11324 11325 11326 11327 11328 11329 11330 11331 11332 11333 11334 11335 11336 11337 11338 11339 11340	true
78	of whether this is enough	11539 11540 11541 11542 11543	false
79	do you think it is likely that we will ultimately have one or two euro notes as well , given that the five euro note is currently the smallest denomination ?	21374 21375 21376 21377 21378 21379 21380 21381 21382 21383 21384 21385 21386 21387 21388 21389 21390 21391 21392 21393 21394 21395 21396 21397 21398 21399 21400 21401 21402 21403 21404	false
80	to help in the rehabilitation and reconstruction of the new Democratic Republic Congo	677 678 679 680 681 682 683 684 685 686 687 688 689	false
81	that this issue should be incorporated into all negotiations with third countries	4713 4714 4715 4716 4717 4718 4719 4720 4721 4722 4723 4724	false
82	Which way does the Commission think it should best work with this axis ?	427 428 429 430 431 432 433 434 435 436 437 438 439 440	false
83	that our partners on the other side of the Atlantic helped to let the genie out of the bottle and afterwards tried somehow to put it back	563 564 565 566 567 568 569 570 571 572 573 574 575 576 577 578 579 580 581 582 583 584 585 586 587 588 589	false
84	to do so without having to subscribe to Sky Sports	10645 10646 10647 10648 10649 10650 10651 10652 10653 10654	false
85	Closer European cultural cooperation	17740 17741 17742 17743	true
86	that we will see meaningful cooperation between Member States in the eradication of violence and terrorism	17664 17665 17666 17667 17668 17669 17670 17671 17672 17673 17674 17675 17676 17677 17678 17679	false
87	to take those measures which they consider necessary to tackle this problem	17327 17328 17329 17330 17331 17332 17333 17334 17335 17336 17337 17338	false
88	to meet all the conditions of accession and thus accede to the European Union	11161 11162 11163 11164 11165 11166 11167 11168 11169 11170 11171 11172 11173 11174	false
89	for uniform interpretation of liability	4343 4344 4345 4346 4347	true
90	to respond to quickly	910 911 912 913	false
91	because I had already gone three minutes over my time	735 736 737 738 739 740 741 742 743 744	false
92	for Parliamentary unanimity	17412 17413 17414	true
93	that once some peace and stability is achieved , the Commission is prepared to implement a global plan of reconstruction and rehabilitation in the Great Lakes region	965 966 967 968 969 970 971 972 973 974 975 976 977 978 979 980 981 982 983 984 985 986 987 988 989 990 991	false
94	that the regulation should enter into force six months after publication	4462 4463 4464 4465 4466 4467 4468 4469 4470 4471 4472	false
95	that Parliament has emerged from the negotiations with great success	5009 5010 5011 5012 5013 5014 5015 5016 5017 5018	false
96	that the proposal and the ideas presented by the Commission lose a very great deal of credibility as far as the area between Verona and Munich is concerned by seeking to amend a Protocol to the Act of Accession unilaterally	18430 18431 18432 18433 18434 18435 18436 18437 18438 18439 18440 18441 18442 18443 18444 18445 18446 18447 18448 18449 18450 18451 18452 18453 18454 18455 18456 18457 18458 18459 18460 18461 18462 18463 18464 18465 18466 18467 18468 18469	false
97	that industrial policy is determined by high level groups that have recently been springing like weeds from the soil of Brussels but that are dominated by a few large industrial companies	9778 9779 9780 9781 9782 9783 9784 9785 9786 9787 9788 9789 9790 9791 9792 9793 9794 9795 9796 9797 9798 9799 9800 9801 9802 9803 9804 9805 9806 9807 9808	false
98	a successful strategy would need to be based on clarifying the interaction between industrial , regional , competition , trade and , last but not least , environmental policies	9732 9733 9734 9735 9736 9737 9738 9739 9740 9741 9742 9743 9744 9745 9746 9747 9748 9749 9750 9751 9752 9753 9754 9755 9756 9757 9758 9759 9760	false
99	that this support is more geared to sustainable development and that sustainable urban transport , energy efficiency and the use of renewable energies are considered key sectors	5072 5073 5074 5075 5076 5077 5078 5079 5080 5081 5082 5083 5084 5085 5086 5087 5088 5089 5090 5091 5092 5093 5094 5095 5096 5097 5098	false
100	that this framework does not yet have a strategic outlook	9707 9708 9709 9710 9711 9712 9713 9714 9715 9716	false
101	to better harmonise the coordination and the cooperation between the different national strategies	9647 9648 9649 9650 9651 9652 9653 9654 9655 9656 9657 9658 9659	false
102	for protection of privacy and monitoring of the secret services	20557 20558 20559 20560 20561 20562 20563 20564 20565 20566	true
103	advance the expiry date of the so-called 108 % clause whereby a ceiling is imposed on the number of journeys and which would not replace the clause with another form of restriction	18602 18603 18604 18605 18606 18607 18608 18609 18610 18611 18612 18613 18614 18615 18616 18617 18618 18619 18620 18621 18622 18623 18624 18625 18626 18627 18628 18629 18630 18631 18632 18633	false
104	that , in view of the urgency , not only the ERDF Regulation but the whole package of Structural Funds regulations should be adopted as punctually as possible so that there can be no further delay in preparing the operational programmes that are so important for us in the regions and the projects in the regions can begin promptly	4944 4945 4946 4947 4948 4949 4950 4951 4952 4953 4954 4955 4956 4957 4958 4959 4960 4961 4962 4963 4964 4965 4966 4967 4968 4969 4970 4971 4972 4973 4974 4975 4976 4977 4978 4979 4980 4981 4982 4983 4984 4985 4986 4987 4988 4989 4990 4991 4992 4993 4994 4995 4996 4997 4998 4999 5000 5001 5002	false
105	for the amendment of Protocol No 9 to the Act of Accession of Austria , Finland and Sweden regarding the system of ecopoints for heavy goods vehicles transiting through Austria	18567 18568 18569 18570 18571 18572 18573 18574 18575 18576 18577 18578 18579 18580 18581 18582 18583 18584 18585 18586 18587 18588 18589 18590 18591 18592 18593 18594 18595 18596	true
106	what should the individual do ?	20568 20569 20570 20571 20572 20573	false
107	the public approval it needs for freedom , security and justice to be allowed to grow	24770 24771 24772 24773 24774 24775 24776 24777 24778 24779 24780 24781 24782 24783 24784 24785	true
108	We want internal affairs policy to have a European added value , which will be achieved only if the citizens put their trust in us .	24795 24796 24797 24798 24799 24800 24801 24802 24803 24804 24805 24806 24807 24808 24809 24810 24811 24812 24813 24814 24815 24816 24817 24818 24819 24820	false
109	that the Data Protection Supervisor is nothing more than a paper tiger	24729 24730 24731 24732 24733 24734 24735 24736 24737 24738 24739 24740	false
110	What conclusions should now be drawn for European Council meetings in future , not only as regards policing but also in organisational and policy terms ?	20623 20624 20625 20626 20627 20628 20629 20630 20631 20632 20633 20634 20635 20636 20637 20638 20639 20640 20641 20642 20643 20644 20645 20646 20647 20648	false
111	that he is of only negligible significance	24715 24716 24717 24718 24719 24720 24721	false
112	of the prohibition of any export of radioactive waste and spent fuel out of the Community	15226 15227 15228 15229 15230 15231 15232 15233 15234 15235 15236 15237 15238 15239 15240 15241	true
113	that we need as much transparency as possible when we deal with energy issues	15343 15344 15345 15346 15347 15348 15349 15350 15351 15352 15353 15354 15355 15356	false
114	to expose the duplicity of the Turkish Government and military for the Turkish people	1677 1678 1679 1680 1681 1682 1683 1684 1685 1686 1687 1688 1689 1690	false
115	this House , at second reading , will be agreeing to the harmonisation of technical regulations for inland vessels	14431 14432 14433 14434 14435 14436 14437 14438 14439 14440 14441 14442 14443 14444 14445 14446 14447 14448 14449	false
116	of making Europe the most dynamic and competitive knowledge based economy	9540 9541 9542 9543 9544 9545 9546 9547 9548 9549 9550	false
117	the focus on the potential of small and medium size innovative enterprises for achieving Lisbon agenda 's objectives as well as the demand to foster public and private funding to optimise Community 's financial support	9587 9588 9589 9590 9591 9592 9593 9594 9595 9596 9597 9598 9599 9600 9601 9602 9603 9604 9605 9606 9607 9608 9609 9610 9611 9612 9613 9614 9615 9616 9617 9618 9619 9620 9621	true
118	that the European people would welcome Mr Mobutu as much as they would the greatest criminal	343 344 345 346 347 348 349 350 351 352 353 354 355 356 357 358	false
119	of using ERDF aid to assist with the construction of social housing	4815 4816 4817 4818 4819 4820 4821 4822 4823 4824 4825 4826	false
120	for an end to VAT exemption for air transport	9041 9042 9043 9044 9045 9046 9047 9048 9049	true
121	to shape structural change in such a way that people are not left by the wayside as its victims	9389 9390 9391 9392 9393 9394 9395 9396 9397 9398 9399 9400 9401 9402 9403 9404 9405 9406 9407	false
122	Is he not encouraged by the axis of African Governments which has been formed and is led by Uganda at this time , sharing similar political , economic and military approaches to the Great Lakes area and the problems he has described ?	384 385 386 387 388 389 390 391 392 393 394 395 396 397 398 399 400 401 402 403 404 405 406 407 408 409 410 411 412 413 414 415 416 417 418 419 420 421 422 423 424 425 426	false
123	that those references should be minimal	1954 1955 1956 1957 1958 1959	false
124	of Norwegian salmon dumping and the salmon subsidy	43 44 45 46 47 48 49 50	false
125	cooperating with the agencies of non-EU countries	18085 18086 18087 18088 18089 18090 18091	true
126	to improve and coordinate EU civil protection intervention in the event of major natural , technological , radiological or environmental emergencies by setting up a common emergency communications system , common training and fast mobilisation of assessment/ coordination teams and intervention teams	20751 20752 20753 20754 20755 20756 20757 20758 20759 20760 20761 20762 20763 20764 20765 20766 20767 20768 20769 20770 20771 20772 20773 20774 20775 20776 20777 20778 20779 20780 20781 20782 20783 20784 20785 20786 20787 20788 20789 20790 20791 20792	false
127	General Community budgetary procedures would apply to the Agency , Community anti-fraud legislation would apply to the Agency , and the Agency would be subject to regular external assessments .	18158 18159 18160 18161 18162 18163 18164 18165 18166 18167 18168 18169 18170 18171 18172 18173 18174 18175 18176 18177 18178 18179 18180 18181 18182 18183 18184 18185 18186 18187	false
128	issuing the requisite official documentation	18061 18062 18063 18064 18065	true
129	conducting checks and inspections	18067 18068 18069 18070	true
130	monitoring the implementation of statutory provisions	18072 18073 18074 18075 18076 18077	true
131	devising and funding research projects	18079 18080 18081 18082 18083	true
132	it will also be a fair conclusion	20987 20988 20989 20990 20991 20992 20993	false
133	to try to ensure that the smaller fish are not taken on board	21070 21071 21072 21073 21074 21075 21076 21077 21078 21079 21080 21081 21082	false
134	that these amendments are generally acceptable and add to the original Commission proposal in a reasonable way	14556 14557 14558 14559 14560 14561 14562 14563 14564 14565 14566 14567 14568 14569 14570 14571 14572	false
135	of access to documents	24874 24875 24876 24877	true
136	the establishment of a European Safety Agency with a view to improving air safety	18218 18219 18220 18221 18222 18223 18224 18225 18226 18227 18228 18229 18230 18231	true
137	that there is a difference between the living circumstances of pilots of passenger aircraft and those of freight aircraft	14812 14813 14814 14815 14816 14817 14818 14819 14820 14821 14822 14823 14824 14825 14826 14827 14828 14829 14830	false
138	for a more simple procedure for logging complaints	20353 20354 20355 20356 20357 20358 20359 20360	true
139	that any issues which cannot be settled satisfactorily in the interests of consumers through voluntary commitments should be dealt with in separate proposals at a later date	20177 20178 20179 20180 20181 20182 20183 20184 20185 20186 20187 20188 20189 20190 20191 20192 20193 20194 20195 20196 20197 20198 20199 20200 20201 20202 20203	false
140	of public access to documents	25066 25067 25068 25069 25070	true
141	to change and adapt to the new realities of the industrial environment	13950 13951 13952 13953 13954 13955 13956 13957 13958 13959 13960 13961	false
142	of striking a balance between them on a case-by-case basis whenever a name is mentioned	24907 24908 24909 24910 24911 24912 24913 24914 24915 24916 24917 24918 24919 24920 24921	false
143	the adjustment of market prices , among other things , in Ukraine must happen gradually rather than overnight , and that no pressure must be brought to bear	13402 13403 13404 13405 13406 13407 13408 13409 13410 13411 13412 13413 13414 13415 13416 13417 13418 13419 13420 13421 13422 13423 13424 13425 13426 13427 13428 13429	false
144	that Parliament voluntarily limited itself in the nature of the Enquiry	20391 20392 20393 20394 20395 20396 20397 20398 20399 20400 20401	false
145	that the formal structuring of the way that the European Parliament scrutinises what the Commission is doing may well be a very useful template for scrutiny by national parliaments and at the same time for disseminating accurate facts about what is going on at European level , to the benefit of all our citizens	25493 25494 25495 25496 25497 25498 25499 25500 25501 25502 25503 25504 25505 25506 25507 25508 25509 25510 25511 25512 25513 25514 25515 25516 25517 25518 25519 25520 25521 25522 25523 25524 25525 25526 25527 25528 25529 25530 25531 25532 25533 25534 25535 25536 25537 25538 25539 25540 25541 25542 25543 25544 25545 25546	false
146	while prices must reflect the market	13395 13396 13397 13398 13399 13400	false
147	for transparent international agreements	20427 20428 20429 20430	true
148	of national parliaments to oversee and scrutinise European matters properly	25433 25434 25435 25436 25437 25438 25439 25440 25441 25442	false
149	dealing with monopolies	9935 9936 9937	false
150	to end BSkyB 's longstanding monopoly concerning the broadcasting of live Premier League matches	10063 10064 10065 10066 10067 10068 10069 10070 10071 10072 10073 10074 10075 10076	false
151	that efforts should be made to follow the Swiss example and create rail links for the transport of heavy goods vehicles through Austria	19072 19073 19074 19075 19076 19077 19078 19079 19080 19081 19082 19083 19084 19085 19086 19087 19088 19089 19090 19091 19092 19093 19094	false
152	Firstly , I believe that member states involved in ECHELON must disengage from this murky , undemocratic system	20448 20449 20450 20451 20452 20453 20454 20455 20456 20457 20458 20459 20460 20461 20462 20463 20464 20465	false
153	Secondly , I feel there is a calm acceptance in this Report that the EU must run an intelligence system as part of the CFSP .	20475 20476 20477 20478 20479 20480 20481 20482 20483 20484 20485 20486 20487 20488 20489 20490 20491 20492 20493 20494 20495 20496 20497 20498 20499 20500	false
154	Thirdly , the implications of such systems for individuals are not clear	20536 20537 20538 20539 20540 20541 20542 20543 20544 20545 20546 20547	false
155	that we should reject the document presented by the Commission	18786 18787 18788 18789 18790 18791 18792 18793 18794 18795	false
156	that the ceiling on the volume of traffic on transit routes through Austria must be maintained because the original aims of Protocol No 9 on road and rail transport and combined transport in Austria have not yet been achieved	18818 18819 18820 18821 18822 18823 18824 18825 18826 18827 18828 18829 18830 18831 18832 18833 18834 18835 18836 18837 18838 18839 18840 18841 18842 18843 18844 18845 18846 18847 18848 18849 18850 18851 18852 18853 18854 18855 18856	false
157	to innovate at all	9912 9913 9914 9915	false
158	that certain business leaders have completely failed to recognise their workers ' potential for innovation , or the need to innovate at all	9893 9894 9895 9896 9897 9898 9899 9900 9901 9902 9903 9904 9905 9906 9907 9908 9909 9910 9911 9912 9913 9914 9915	false
159	to conclude a new , legally-binding , very broad and comprehensive agreement , which should be durable and capable of facilitating the future development of relations	12990 12991 12992 12993 12994 12995 12996 12997 12998 12999 13000 13001 13002 13003 13004 13005 13006 13007 13008 13009 13010 13011 13012 13013 13014 13015	false
160	to include the further development of our trade relations , depending on the progress of Russia 's accession to the WTO	13100 13101 13102 13103 13104 13105 13106 13107 13108 13109 13110 13111 13112 13113 13114 13115 13116 13117 13118 13119 13120	false
161	that member states involved in ECHELON must disengage from this murky , undemocratic system	20452 20453 20454 20455 20456 20457 20458 20459 20460 20461 20462 20463 20464 20465	false
162	there is a calm acceptance in this Report that the EU must run an intelligence system as part of the CFSP	20479 20480 20481 20482 20483 20484 20485 20486 20487 20488 20489 20490 20491 20492 20493 20494 20495 20496 20497 20498 20499	false
163	the necessity to take account of the needs of SMEs	7993 7994 7995 7996 7997 7998 7999 8000 8001 8002	true
164	the importance of developing best practice which respects the different traditions and systems of Member States	8004 8005 8006 8007 8008 8009 8010 8011 8012 8013 8014 8015 8016 8017 8018 8019	true
165	the need to apply better regulation principles	7985 7986 7987 7988 7989 7990 7991	true
166	Billions of euros from our common budget continue to seep out into dubious channels or are cast aimlessly to the four winds .	7861 7862 7863 7864 7865 7866 7867 7868 7869 7870 7871 7872 7873 7874 7875 7876 7877 7878 7879 7880 7881 7882 7883	false
167	to remove the topic from the agenda for this week 's part-session	22771 22772 22773 22774 22775 22776 22777 22778 22779 22780 22781 22782	false
168	the benefits for companies of involving their employees in workplace decision-making	8082 8083 8084 8085 8086 8087 8088 8089 8090 8091 8092	true
169	to apply better regulation principles	7987 7988 7989 7990 7991	false
170	European air travel is expanding rapidly	19912 19913 19914 19915 19916 19917	false
171	for travellers to book and buy airline tickets via the Internet	19967 19968 19969 19970 19971 19972 19973 19974 19975 19976 19977	false
172	to mark its views on this issue	23103 23104 23105 23106 23107 23108 23109	false
173	to self-determination	19855 19856	true
174	to secede from the Republic of Cyprus and follow a path of self determination as far from the smallest country in the world	19824 19825 19826 19827 19828 19829 19830 19831 19832 19833 19834 19835 19836 19837 19838 19839 19840 19841 19842 19843 19844 19845 19846	false
175	to catch up with those which are more developed	7379 7380 7381 7382 7383 7384 7385 7386 7387	false
176	obtaining a substantial increase in the financial resources dedicated to territorial cohesion	7438 7439 7440 7441 7442 7443 7444 7445 7446 7447 7448 7449	false
177	to involve the representative bodies of management and labour more fully in the design and implementation of projects	7243 7244 7245 7246 7247 7248 7249 7250 7251 7252 7253 7254 7255 7256 7257 7258 7259 7260	false
178	breaking down cartels in maritime transport	7584 7585 7586 7587 7588 7589	false
179	who is to regulate compliance with the voluntary commitments , and what methods should be used to address non-compliance ?	20145 20146 20147 20148 20149 20150 20151 20152 20153 20154 20155 20156 20157 20158 20159 20160 20161 20162 20163 20164	false
180	that , while he stood as an Independent , he was still committed to socialist principles	23277 23278 23279 23280 23281 23282 23283 23284 23285 23286 23287 23288 23289 23290 23291 23292	false
181	that evidently such an additional plenary session is to be interpolated after every meeting of the Council	23571 23572 23573 23574 23575 23576 23577 23578 23579 23580 23581 23582 23583 23584 23585 23586 23587	false
182	In view of his recent and unexpected conversion to the Conservative cause , could I ask Mr Balfe , through you , Mr President , whether it would not be more appropriate for him to do the decent thing - which would be to resign from the College of Quaestors and stand again as a British Conservative ?	23294 23295 23296 23297 23298 23299 23300 23301 23302 23303 23304 23305 23306 23307 23308 23309 23310 23311 23312 23313 23314 23315 23316 23317 23318 23319 23320 23321 23322 23323 23324 23325 23326 23327 23328 23329 23330 23331 23332 23333 23334 23335 23336 23337 23338 23339 23340 23341 23342 23343 23344 23345 23346 23347 23348 23349 23350 23351	false
183	to enter into voluntary commitments with the airports	20023 20024 20025 20026 20027 20028 20029 20030	false
184	of attending the session on 20 March	23511 23512 23513 23514 23515 23516 23517	true
185	the establishment of a separate emissions trading scheme for aviation	8634 8635 8636 8637 8638 8639 8640 8641 8642 8643	true
186	the immediate introduction of kerosene tax on VAT or all intra-EU flights	8621 8622 8623 8624 8625 8626 8627 8628 8629 8630 8631 8632	true
187	of achieving the highest possible environmental standards without unduly penalising EU travellers	8835 8836 8837 8838 8839 8840 8841 8842 8843 8844 8845 8846	false
188	that special attention must be paid to the most isolated areas , such as , in my region , Cornwall and the Isles of Scilly	8666 8667 8668 8669 8670 8671 8672 8673 8674 8675 8676 8677 8678 8679 8680 8681 8682 8683 8684 8685 8686 8687 8688 8689 8690	false
189	to cooperate with the national and EU authorities to apply rules that meet their aims of achieving the highest possible environmental standards without unduly penalising EU travellers	8820 8821 8822 8823 8824 8825 8826 8827 8828 8829 8830 8831 8832 8833 8834 8835 8836 8837 8838 8839 8840 8841 8842 8843 8844 8845 8846	false
190	Instead of progress towards these goals , we have seen a steady rise in the number of journeys , which rose by 16 % between 1993 and 2000 on the main haulage route through the Inn Valley and the Brenner alone and by 52 % in Austria as a whole - in other words , a total of 580 188 additional journeys !	18876 18877 18878 18879 18880 18881 18882 18883 18884 18885 18886 18887 18888 18889 18890 18891 18892 18893 18894 18895 18896 18897 18898 18899 18900 18901 18902 18903 18904 18905 18906 18907 18908 18909 18910 18911 18912 18913 18914 18915 18916 18917 18918 18919 18920 18921 18922 18923 18924 18925 18926 18927 18928 18929 18930 18931 18932 18933 18934 18935 18936 18937 18938	false
191	The EU ceiling of 40 milligrams of nitrogen dioxide per cubic metre is constantly being exceeded by more than the tolerance margin in readings taken at the Vomp measuring station on the A12 autobahn .	18939 18940 18941 18942 18943 18944 18945 18946 18947 18948 18949 18950 18951 18952 18953 18954 18955 18956 18957 18958 18959 18960 18961 18962 18963 18964 18965 18966 18967 18968 18969 18970 18971 18972 18973	false
192	That strategy has already been put in place .	19424 19425 19426 19427 19428 19429 19430 19431 19432	false
193	If the original aim of continuous and sustainable reduction of pollutant emissions is to be achieved , the number of transit journeys by heavy goods vehicles must be reduced .	19017 19018 19019 19020 19021 19022 19023 19024 19025 19026 19027 19028 19029 19030 19031 19032 19033 19034 19035 19036 19037 19038 19039 19040 19041 19042 19043 19044 19045 19046	false
194	to self-determination	23852 23853	true
195	Despite a few reductions in pollutant emissions that have resulted from technical improvements to heavy goods vehicles , the overall level of carbon dioxide emissions has risen .	18989 18990 18991 18992 18993 18994 18995 18996 18997 18998 18999 19000 19001 19002 19003 19004 19005 19006 19007 19008 19009 19010 19011 19012 19013 19014 19015 19016	false
196	to make a huge difference	24098 24099 24100 24101 24102	false
197	to outlaw low-cost budget airlines or force them out of business	8290 8291 8292 8293 8294 8295 8296 8297 8298 8299 8300	false
198	The extension of the EU Emissions Trading Scheme ( ETS ) to the aviation sector	8402 8403 8404 8405 8406 8407 8408 8409 8410 8411 8412 8413 8414 8415 8416	true
199	of paying back the debt in a normal way	1165 1166 1167 1168 1169 1170 1171 1172 1173	false
200	to a separate administration	19809 19810 19811 19812	true
201	of helping prevent such misery for some of our citizens	24189 24190 24191 24192 24193 24194 24195 24196 24197 24198	false
202	that the electorate on this issue will be different	15842 15843 15844 15845 15846 15847 15848 15849 15850	false
203	to make good the shortcomings of Maastricht	2742 2743 2744 2745 2746 2747 2748	false
204	if there is a way of helping prevent such misery for some of our citizens , then we should of course pursue it	24184 24185 24186 24187 24188 24189 24190 24191 24192 24193 24194 24195 24196 24197 24198 24199 24200 24201 24202 24203 24204 24205 24206	false
205	that many of those who were facilitating commercial trafficking in children became part of the politics of Romania , and indeed those countries whose nationals were pressurising for open adoption , notably the USA	19627 19628 19629 19630 19631 19632 19633 19634 19635 19636 19637 19638 19639 19640 19641 19642 19643 19644 19645 19646 19647 19648 19649 19650 19651 19652 19653 19654 19655 19656 19657 19658 19659 19660	false
206	to ensure that the standards by which they are governed or regulated	24303 24304 24305 24306 24307 24308 24309 24310 24311 24312 24313 24314	false
207	that I was listening very carefully the last time	14093 14094 14095 14096 14097 14098 14099 14100 14101	false
208	the desperation of parents looking for children to adopt and the clear indications that many of those who were facilitating commercial trafficking in children became part of the politics of Romania , and indeed those countries whose nationals were pressurising for open adoption , notably the USA	19614 19615 19616 19617 19618 19619 19620 19621 19622 19623 19624 19625 19626 19627 19628 19629 19630 19631 19632 19633 19634 19635 19636 19637 19638 19639 19640 19641 19642 19643 19644 19645 19646 19647 19648 19649 19650 19651 19652 19653 19654 19655 19656 19657 19658 19659 19660	false
209	for referral back to committee	43097 43098 43099 43100 43101	true
210	for all of the economies of Europe to make the changes that are necessary to achieve a more competitive position within a global economy	32054 32055 32056 32057 32058 32059 32060 32061 32062 32063 32064 32065 32066 32067 32068 32069 32070 32071 32072 32073 32074 32075 32076 32077	true
211	that we need to make sure that all countries of the European Union , not just those that will be joining on 1 January 1999 , must start preparing , because all their businesses will be affected	31949 31950 31951 31952 31953 31954 31955 31956 31957 31958 31959 31960 31961 31962 31963 31964 31965 31966 31967 31968 31969 31970 31971 31972 31973 31974 31975 31976 31977 31978 31979 31980 31981 31982 31983 31984 31985	false
212	that what was rejected in the voting in committee will now be restored	43027 43028 43029 43030 43031 43032 43033 43034 43035 43036 43037 43038 43039	false
213	that we are now competing in a global environment , in particular in those countries which have weaker economies and could be most at risk as a result of globalization	31908 31909 31910 31911 31912 31913 31914 31915 31916 31917 31918 31919 31920 31921 31922 31923 31924 31925 31926 31927 31928 31929 31930 31931 31932 31933 31934 31935 31936 31937	false
214	because a little bit of that crossed the border into Austria and Switzerland	49273 49274 49275 49276 49277 49278 49279 49280 49281 49282 49283 49284 49285	false
215	that this House should be more up-to-date , and should not wait to discuss certain events as late as four years after they happen	48945 48946 48947 48948 48949 48950 48951 48952 48953 48954 48955 48956 48957 48958 48959 48960 48961 48962 48963 48964 48965 48966 48967 48968	false
216	If we state in Thursday 's agenda that the votes we have been unable to complete at midday will be taken immediately following the votes on the topical and urgent debate , then every Member will know that voting will take place immediately afterwards .	42880 42881 42882 42883 42884 42885 42886 42887 42888 42889 42890 42891 42892 42893 42894 42895 42896 42897 42898 42899 42900 42901 42902 42903 42904 42905 42906 42907 42908 42909 42910 42911 42912 42913 42914 42915 42916 42917 42918 42919 42920 42921 42922 42923 42924	false
217	that the establishment of the euro will be a major contribution to achieving that	32091 32092 32093 32094 32095 32096 32097 32098 32099 32100 32101 32102 32103 32104	false
218	that genetically modified rice has been found all over Europe , even though it is prohibited	49099 49100 49101 49102 49103 49104 49105 49106 49107 49108 49109 49110 49111 49112 49113 49114	false
219	the eradication of misery and poverty in these regions	26998 26999 27000 27001 27002 27003 27004 27005 27006	true
220	to give important political significance even to those minor events , an example being the exhibition that opened in this House this week	38601 38602 38603 38604 38605 38606 38607 38608 38609 38610 38611 38612 38613 38614 38615 38616 38617 38618 38619 38620 38621 38622 38623	false
221	seek to join the euro at an early stage	32112 32113 32114 32115 32116 32117 32118 32119 32120	false
222	to say a solemn farewell	38502 38503 38504 38505 38506	false
223	to contribute genuinely to the development of people in their country	26710 26711 26712 26713 26714 26715 26716 26717 26718 26719 26720	false
224	for people to fight in our common cause	38542 38543 38544 38545 38546 38547 38548 38549	false
225	The procedures are becoming so complex that they are a serious deterrent .	27064 27065 27066 27067 27068 27069 27070 27071 27072 27073 27074 27075 27076	false
226	that even if it were not for the single currency there was a need for consolidation of the European economies , given the fact that we are now competing in a global environment , in particular in those countries which have weaker economies and could be most at risk as a result of globalization	31884 31885 31886 31887 31888 31889 31890 31891 31892 31893 31894 31895 31896 31897 31898 31899 31900 31901 31902 31903 31904 31905 31906 31907 31908 31909 31910 31911 31912 31913 31914 31915 31916 31917 31918 31919 31920 31921 31922 31923 31924 31925 31926 31927 31928 31929 31930 31931 31932 31933 31934 31935 31936 31937	false
227	to destroy their environment	32866 32867 32868 32869	false
228	Reconstruction has been delayed because mine clearance work is not yet finished . Also , reconstruction of the whole infrastructure , and gas , water and electricity , and traffic links , schools and health care must be more strongly supported .	33017 33018 33019 33020 33021 33022 33023 33024 33025 33026 33027 33028 33029 33030 33031 33032 33033 33034 33035 33036 33037 33038 33039 33040 33041 33042 33043 33044 33045 33046 33047 33048 33049 33050 33051 33052 33053 33054 33055 33056 33057 33058	false
229	of eastward expansion	39362 39363 39364	true
230	to procrastinate over this enlargement	39387 39388 39389 39390 39391	false
231	to seek to build links with Algeria	32361 32362 32363 32364 32365 32366 32367	false
232	to discuss many of those issues	32346 32347 32348 32349 32350 32351	false
233	to give environmental considerations a higher priority	32455 32456 32457 32458 32459 32460 32461	false
234	to speak out about the military coup in Thailand	49445 49446 49447 49448 49449 49450 49451 49452 49453	false
235	This is our only opportunity this week to speak out about the military coup in Thailand .	49438 49439 49440 49441 49442 49443 49444 49445 49446 49447 49448 49449 49450 49451 49452 49453 49454	false
236	Firstly , why would we not say something about ASEM ?	49345 49346 49347 49348 49349 49350 49351 49352 49353 49354 49355	false
237	to discuss the promotion of democracy and speak out against the continued use of capital punishment in Asian countries	49413 49414 49415 49416 49417 49418 49419 49420 49421 49422 49423 49424 49425 49426 49427 49428 49429 49430 49431	false
238	because of the efforts of organizations like Surfers Against Sewage who have demonstrated so comprehensively that the present directive and its lax implementation by the British Government has cost hundreds of millions of pounds in health-care , social and lost production costs in the UK	39143 39144 39145 39146 39147 39148 39149 39150 39151 39152 39153 39154 39155 39156 39157 39158 39159 39160 39161 39162 39163 39164 39165 39166 39167 39168 39169 39170 39171 39172 39173 39174 39175 39176 39177 39178 39179 39180 39181 39182 39183 39184 39185 39186 39187	false
239	for investment	39121 39122	true
240	to take action on the environment	32531 32532 32533 32534 32535 32536	false
241	After all , we were all trying - the committee and Parliament - to have a European Parliament vote on these two reports on this particular day , the fiftieth anniversary of UNICEF .	38715 38716 38717 38718 38719 38720 38721 38722 38723 38724 38725 38726 38727 38728 38729 38730 38731 38732 38733 38734 38735 38736 38737 38738 38739 38740 38741 38742 38743 38744 38745 38746 38747 38748	false
242	But it also has an indirect , economic side with regard to the encouragement of the highly employment-intensive tourist industry - one of the few surviving growth industries .	44937 44938 44939 44940 44941 44942 44943 44944 44945 44946 44947 44948 44949 44950 44951 44952 44953 44954 44955 44956 44957 44958 44959 44960 44961 44962 44963 44964 44965	false
243	The introduction of a Community model of parking cards for disabled people has a very personal aspect , with direct effects on the quality of life for every individual concerned .	44906 44907 44908 44909 44910 44911 44912 44913 44914 44915 44916 44917 44918 44919 44920 44921 44922 44923 44924 44925 44926 44927 44928 44929 44930 44931 44932 44933 44934 44935 44936	false
244	to speak	34771 34772	false
245	that it involves no social safeguards whatsoever and in terms of workers ' rights falls far short of the benefits enjoyed by full-time workers	34617 34618 34619 34620 34621 34622 34623 34624 34625 34626 34627 34628 34629 34630 34631 34632 34633 34634 34635 34636 34637 34638 34639 34640	false
246	that it would contribute to our continent slowly dying out	31180 31181 31182 31183 31184 31185 31186 31187 31188 31189	false
247	cuts in the area of transport safety and the promotion of combined transport systems and/ or long term mobility	35060 35061 35062 35063 35064 35065 35066 35067 35068 35069 35070 35071 35072 35073 35074 35075 35076 35077 35078	true
248	It has joined the ERM .	31250 31251 31252 31253 31254 31255	false
249	that with our contribution to the employment summit we fell below the minimum level required	34831 34832 34833 34834 34835 34836 34837 34838 34839 34840 34841 34842 34843 34844 34845	false
250	that to achieve a stable economic situation there must be a stable monetary situation	31303 31304 31305 31306 31307 31308 31309 31310 31311 31312 31313 31314 31315 31316	false
251	to manage them in a monetary sense by membership of the euro	31226 31227 31228 31229 31230 31231 31232 31233 31234 31235 31236 31237	false
252	to consider the effect on their businesses and to make alternative provisions	31058 31059 31060 31061 31062 31063 31064 31065 31066 31067 31068 31069	false
253	that Christmas is just around the corner	44134 44135 44136 44137 44138 44139 44140	false
254	of how grateful I am to the European Parliament for including this matter on its agenda , and even more so for the way in which the rapporteur , Mrs Banotti , has dealt with it	44571 44572 44573 44574 44575 44576 44577 44578 44579 44580 44581 44582 44583 44584 44585 44586 44587 44588 44589 44590 44591 44592 44593 44594 44595 44596 44597 44598 44599 44600 44601 44602 44603 44604 44605 44606	false
255	that the Western European Union should organize military action in the context of a joint SFOR operation led by NATO with Austria also taking part	33477 33478 33479 33480 33481 33482 33483 33484 33485 33486 33487 33488 33489 33490 33491 33492 33493 33494 33495 33496 33497 33498 33499 33500 33501	false
256	to inject useful but limited guidelines on the number of sites	33754 33755 33756 33757 33758 33759 33760 33761 33762 33763 33764	false
257	not being part of the euro	31512 31513 31514 31515 31516 31517	false
258	to take a pot shot at the British Government	31660 31661 31662 31663 31664 31665 31666 31667 31668	false
259	this is an accurate Minute	34322 34323 34324 34325 34326	false
260	for consolidation of the European economies	31898 31899 31900 31901 31902 31903	true
261	to find a justification for doing away with the unanimous vote	43621 43622 43623 43624 43625 43626 43627 43628 43629 43630 43631	false
262	you should refer the whole matter to the next Bureau as you wisely suggested and see what the Bureau suggest	43911 43912 43913 43914 43915 43916 43917 43918 43919 43920 43921 43922 43923 43924 43925 43926 43927 43928 43929 43930	false
263	to support programmes which perhaps we might all wish to support	36565 36566 36567 36568 36569 36570 36571 36572 36573 36574 36575	false
264	to place an item of this nature on the agenda	30574 30575 30576 30577 30578 30579 30580 30581 30582 30583	false
265	that we cannot adopt that sort of procedure here	43780 43781 43782 43783 43784 43785 43786 43787 43788	false
266	that we were in our fifth year	37231 37232 37233 37234 37235 37236 37237	false
267	that the abolition of duty-free , which is , as he says , a long-standing decision , would allow both sea- and airports to resume their primary role , which is to transport people from one place to another	30732 30733 30734 30735 30736 30737 30738 30739 30740 30741 30742 30743 30744 30745 30746 30747 30748 30749 30750 30751 30752 30753 30754 30755 30756 30757 30758 30759 30760 30761 30762 30763 30764 30765 30766 30767 30768 30769 30770	false
268	that the hospital had certainly not heard of the ten-point plan which I was due to launch on my visit	37240 37241 37242 37243 37244 37245 37246 37247 37248 37249 37250 37251 37252 37253 37254 37255 37256 37257 37258 37259	false
269	that the abolition of duty-free would also reduce the levels of consumption of both alcohol and tobacco and that the consequences of this can only be beneficial to public health in Europe	30696 30697 30698 30699 30700 30701 30702 30703 30704 30705 30706 30707 30708 30709 30710 30711 30712 30713 30714 30715 30716 30717 30718 30719 30720 30721 30722 30723 30724 30725 30726 30727	false
270	as to whether or not to put this issue on the agenda	30618 30619 30620 30621 30622 30623 30624 30625 30626 30627 30628 30629	false
271	the national membership contributions should be reduced in order to bring about the possibility of operating a prices and incomes policy and modifying or extending support and intervention mechanisms locally and in the appropriate regions , having due regard to all underlying natural circumstances and the aspects of sustainability and efficiency	43169 43170 43171 43172 43173 43174 43175 43176 43177 43178 43179 43180 43181 43182 43183 43184 43185 43186 43187 43188 43189 43190 43191 43192 43193 43194 43195 43196 43197 43198 43199 43200 43201 43202 43203 43204 43205 43206 43207 43208 43209 43210 43211 43212 43213 43214 43215 43216 43217 43218 43219	false
272	of operating a prices and incomes policy and modifying or extending support and intervention mechanisms locally and in the appropriate regions , having due regard to all underlying natural circumstances and the aspects of sustainability and efficiency	43183 43184 43185 43186 43187 43188 43189 43190 43191 43192 43193 43194 43195 43196 43197 43198 43199 43200 43201 43202 43203 43204 43205 43206 43207 43208 43209 43210 43211 43212 43213 43214 43215 43216 43217 43218 43219	false
273	that much of the money for the relays may go to just five big documentation centres	35407 35408 35409 35410 35411 35412 35413 35414 35415 35416 35417 35418 35419 35420 35421 35422	false
274	telecommunications is not just an economic factor but also a cultural and democratic factor of prime importance - in other words , it is always concerned as well with the production of public goods and services .	43293 43294 43295 43296 43297 43298 43299 43300 43301 43302 43303 43304 43305 43306 43307 43308 43309 43310 43311 43312 43313 43314 43315 43316 43317 43318 43319 43320 43321 43322 43323 43324 43325 43326 43327 43328 43329	false
275	that a study would assist us in reaching a sound decision now	30952 30953 30954 30955 30956 30957 30958 30959 30960 30961 30962 30963	false
276	to reinstate this money when a legal base has been secured	35387 35388 35389 35390 35391 35392 35393 35394 35395 35396 35397	false
277	that the EU is continuously losing ground to the USA and the Asiatic countries in the field of technological development	35771 35772 35773 35774 35775 35776 35777 35778 35779 35780 35781 35782 35783 35784 35785 35786 35787 35788 35789 35790	false
278	the point that Ecofin ought to put to the Council of Transport Ministers	30786 30787 30788 30789 30790 30791 30792 30793 30794 30795 30796 30797 30798	true
279	that any changes which are to take place regarding Members ' interests will be put to the Members of this House the way the change in the Members ' voting procedure should have been put to this House in January	25799 25800 25801 25802 25803 25804 25805 25806 25807 25808 25809 25810 25811 25812 25813 25814 25815 25816 25817 25818 25819 25820 25821 25822 25823 25824 25825 25826 25827 25828 25829 25830 25831 25832 25833 25834 25835 25836 25837 25838	false
280	that the conclusions defied gravity and that in fact the superbikes were proved to be safer than other machines which the Commission and Council had no objection to	30860 30861 30862 30863 30864 30865 30866 30867 30868 30869 30870 30871 30872 30873 30874 30875 30876 30877 30878 30879 30880 30881 30882 30883 30884 30885 30886 30887	false
281	for simplification and rationalization of aid instruments	26339 26340 26341 26342 26343 26344 26345	true
282	to have justice	47243 47244 47245	false
283	to deliver by a large majority what Parliament actually believes in	38199 38200 38201 38202 38203 38204 38205 38206 38207 38208 38209	false
284	how are we going to induce Hutus and Tutsis to live together in peace ?	42663 42664 42665 42666 42667 42668 42669 42670 42671 42672 42673 42674 42675 42676 42677	false
285	by voting for the reserve	38284 38285 38286 38287 38288	false
286	that all we do is supply these enormous numbers of people with the absolute essentials	42640 42641 42642 42643 42644 42645 42646 42647 42648 42649 42650 42651 42652 42653 42654	false
287	if I was in favour of starving out the camps	42598 42599 42600 42601 42602 42603 42604 42605 42606 42607	false
288	to comment on this vote	38015 38016 38017 38018 38019	false
289	to tackle the problem of debt relief itself	47758 47759 47760 47761 47762 47763 47764 47765	false
290	to set up trade unions	47423 47424 47425 47426 47427	false
291	to return to this subject	30487 30488 30489 30490 30491	false
292	whether we support Mrs d'Ancona 's position and say : yes , let us investigate and let us express the strength of opinion , but let us not prejudge	42174 42175 42176 42177 42178 42179 42180 42181 42182 42183 42184 42185 42186 42187 42188 42189 42190 42191 42192 42193 42194 42195 42196 42197 42198 42199 42200 42201 42202	false
293	because his reply to the earlier question appeared to be rather less forthright and firm than it was last time he came to this House , when he repeated - and I supported him - that there were no plans in Ecofin to return to this subject	30445 30446 30447 30448 30449 30450 30451 30452 30453 30454 30455 30456 30457 30458 30459 30460 30461 30462 30463 30464 30465 30466 30467 30468 30469 30470 30471 30472 30473 30474 30475 30476 30477 30478 30479 30480 30481 30482 30483 30484 30485 30486 30487 30488 30489 30490 30491	false
294	that there may be other alternatives somewhere between absolutely voluntary repatriation and the view you accused me of holding last month when you asked me if I was in favour of starving out the camps - some way of increasing pressure to decentralize these mass gatherings of refugees	42573 42574 42575 42576 42577 42578 42579 42580 42581 42582 42583 42584 42585 42586 42587 42588 42589 42590 42591 42592 42593 42594 42595 42596 42597 42598 42599 42600 42601 42602 42603 42604 42605 42606 42607 42608 42609 42610 42611 42612 42613 42614 42615 42616 42617 42618 42619 42620	false
295	of regaining power by force in Rwanda and Burundi	42533 42534 42535 42536 42537 42538 42539 42540 42541	false
296	to re-open the whole debate	30521 30522 30523 30524 30525	false
297	of screening	37347 37348	true
298	we should not mix up apples and pears	42217 42218 42219 42220 42221 42222 42223 42224	false
299	that we cannot just gloss over things	41966 41967 41968 41969 41970 41971 41972	false
300	about quality control	37340 37341 37342	true
301	to replace over 500 employees with low-paid slave labour provided by agency workers , many from outside the European Union	46593 46594 46595 46596 46597 46598 46599 46600 46601 46602 46603 46604 46605 46606 46607 46608 46609 46610 46611 46612	false
302	'Stop Mandelson 's evictions	46795 46796 46797 46798	false
303	that what is happening at the WTO will mean the death knell for many farmers , not just in Ireland , but throughout the European Union	46823 46824 46825 46826 46827 46828 46829 46830 46831 46832 46833 46834 46835 46836 46837 46838 46839 46840 46841 46842 46843 46844 46845 46846 46847 46848	false
304	that our patience has run out and that he must , without further delay or excuses , get his occupation troops off Cypriot European Union soil	47122 47123 47124 47125 47126 47127 47128 47129 47130 47131 47132 47133 47134 47135 47136 47137 47138 47139 47140 47141 47142 47143 47144 47145 47146 47147	false
305	they voted against the amendments to help the disabled in the design of buses and coaches	29161 29162 29163 29164 29165 29166 29167 29168 29169 29170 29171 29172 29173 29174 29175 29176	false
306	to discuss with me the amendments I was moving	28700 28701 28702 28703 28704 28705 28706 28707 28708	false
307	to debate this issue	28860 28861 28862 28863	false
308	to debate this report	28691 28692 28693 28694	false
309	that it does not meet the priorities of economic competitiveness as defined in the Lisbon Agenda	46454 46455 46456 46457 46458 46459 46460 46461 46462 46463 46464 46465 46466 46467 46468 46469	false
310	to allow the development of an airport or a port	46245 46246 46247 46248 46249 46250 46251 46252 46253 46254	false
311	that we in this House spend more time on voting than we do on debating	42813 42814 42815 42816 42817 42818 42819 42820 42821 42822 42823 42824 42825 42826 42827	false
312	that these sculptures were taken from Greece under Turkish occupation	29589 29590 29591 29592 29593 29594 29595 29596 29597 29598	false
313	to ensure price stability	29372 29373 29374 29375	false
314	on how far the European Central Bank supports the general economic policy of the Community	29379 29380 29381 29382 29383 29384 29385 29386 29387 29388 29389 29390 29391 29392 29393	true
315	which is subordinated to the will of usurpers	46038 46039 46040 46041 46042 46043 46044 46045	false
316	whether , for example , the UN and others who should have taken action here neglected to encourage disarmament	42751 42752 42753 42754 42755 42756 42757 42758 42759 42760 42761 42762 42763 42764 42765 42766 42767 42768 42769	false
317	because those stocks of weapons existed in the camps	42794 42795 42796 42797 42798 42799 42800 42801 42802	false
318	that language really does matter in this area	45574 45575 45576 45577 45578 45579 45580 45581	false
319	for more action to be taken to help the survivors of the Pakistan earthquake to rebuild their lives	45776 45777 45778 45779 45780 45781 45782 45783 45784 45785 45786 45787 45788 45789 45790 45791 45792 45793	false
320	that the day of rest has nothing to do with safety at work	40150 40151 40152 40153 40154 40155 40156 40157 40158 40159 40160 40161 40162	false
321	where that free day falls	40221 40222 40223 40224 40225	false
322	to annul the second sentence of Article 5 of the working time directive , which specifies Sunday as a rest day	39833 39834 39835 39836 39837 39838 39839 39840 39841 39842 39843 39844 39845 39846 39847 39848 39849 39850 39851 39852 39853	false
323	the development of international crime	27927 27928 27929 27930 27931	true
324	to sanctify Sunday as a matter of religious tradition	40446 40447 40448 40449 40450 40451 40452 40453 40454	false
325	that the Commission was prepared to accept 22 of our amendments	28830 28831 28832 28833 28834 28835 28836 28837 28838 28839 28840	false
326	the harmonization of the legal position	39650 39651 39652 39653 39654 39655	true
327	the efficient deployment of the European drugs unit really to take place in matters such as combating sexual abuse , the exploitation of children and the traffic in human beings	39663 39664 39665 39666 39667 39668 39669 39670 39671 39672 39673 39674 39675 39676 39677 39678 39679 39680 39681 39682 39683 39684 39685 39686 39687 39688 39689 39690 39691 39692	true
328	to take advantages of the possibilities of the third pillar , in accordance with Article K.1 , to create European policy and relegate national interests to a secondary position	39565 39566 39567 39568 39569 39570 39571 39572 39573 39574 39575 39576 39577 39578 39579 39580 39581 39582 39583 39584 39585 39586 39587 39588 39589 39590 39591 39592 39593	false
329	that Parliament 's urgings should be heeded , so that communitization replaces national legislation where necessary , as for example in the case of asylum policy and the control of the external borders	39599 39600 39601 39602 39603 39604 39605 39606 39607 39608 39609 39610 39611 39612 39613 39614 39615 39616 39617 39618 39619 39620 39621 39622 39623 39624 39625 39626 39627 39628 39629 39630 39631	false
330	to regulate at Community level the influx of labour from third countries , and the asylum policy	39712 39713 39714 39715 39716 39717 39718 39719 39720 39721 39722 39723 39724 39725 39726 39727 39728	false
331	to encourage the development towards a stable democracy in Russia , but to observe and follow it critically	27955 27956 27957 27958 27959 27960 27961 27962 27963 27964 27965 27966 27967 27968 27969 27970 27971 27972	false
332	that we have been dealing with a technical matter here	28634 28635 28636 28637 28638 28639 28640 28641 28642 28643	false
333	that the Murphy report should be referred back to the responsible committee	28533 28534 28535 28536 28537 28538 28539 28540 28541 28542 28543 28544	false
334	that Romania will now steer a course towards a humane and social regime , and a regime that will treat its minorities with justice	41675 41676 41677 41678 41679 41680 41681 41682 41683 41684 41685 41686 41687 41688 41689 41690 41691 41692 41693 41694 41695 41696 41697 41698	false
335	that this is the last time we shall have to deal with this problem	41636 41637 41638 41639 41640 41641 41642 41643 41644 41645 41646 41647 41648 41649	false
336	to discuss this point today	41920 41921 41922 41923 41924	false
337	to challenge our right to one of the achievements of our civilization and our culture	40555 40556 40557 40558 40559 40560 40561 40562 40563 40564 40565 40566 40567 40568 40569	false
338	for economic policies to be pursued which will alleviate poverty and will not increase it	41322 41323 41324 41325 41326 41327 41328 41329 41330 41331 41332 41333 41334 41335 41336	false
339	the jailing , ill-treatment and torture of young people in adult prisons	41072 41073 41074 41075 41076 41077 41078 41079 41080 41081 41082 41083	true
340	as to whether the end justifies the means	47943 47944 47945 47946 47947 47948 47949 47950	false
341	at damaging the trade of Latin American exporters or of any other exporters	48788 48789 48790 48791 48792 48793 48794 48795 48796 48797 48798 48799 48800	true
342	that meat no longer fit for consumption was found in various German regions and now in other countries too	49002 49003 49004 49005 49006 49007 49008 49009 49010 49011 49012 49013 49014 49015 49016 49017 49018 49019 49020	false
343	whether this is not going to overshadow Hong Kong	48624 48625 48626 48627 48628 48629 48630 48631 48632	false
344	Arbitration	48834	true
345	to get one state at least to be more cooperative with international legal norms	59733 59734 59735 59736 59737 59738 59739 59740 59741 59742 59743 59744 59745 59746	false
346	Could the EU not use its influence to encourage Equatorial Guinea to cease allowing vessels to use its flag to fish illegally .	59688 59689 59690 59691 59692 59693 59694 59695 59696 59697 59698 59699 59700 59701 59702 59703 59704 59705 59706 59707 59708 59709 59710	false
347	that there is an agreement to ban tuna imports and this agreement is very much related to that	59864 59865 59866 59867 59868 59869 59870 59871 59872 59873 59874 59875 59876 59877 59878 59879 59880 59881	false
348	the worldwide marketing of the European Union as a tourist destination	73624 73625 73626 73627 73628 73629 73630 73631 73632 73633 73634	true
349	to accommodate ships in distress	64965 64966 64967 64968 64969	false
350	Israel must withdraw from the Palestinian areas .	64646 64647 64648 64649 64650 64651 64652 64653	false
351	The acts of terror by the Palestinians must cease .	64654 64655 64656 64657 64658 64659 64660 64661 64662 64663	false
352	of saying what I told the Bureau of Parliament earlier today	73282 73283 73284 73285 73286 73287 73288 73289 73290 73291 73292	false
353	Do you not see something of a contradiction between externalisation on the one hand , and your justified desire to create a unified and independent Commission staffing structure , on the other ?	55312 55313 55314 55315 55316 55317 55318 55319 55320 55321 55322 55323 55324 55325 55326 55327 55328 55329 55330 55331 55332 55333 55334 55335 55336 55337 55338 55339 55340 55341 55342 55343 55344	false
354	to turn the Commission into a world-class administration capable of serving the European public	55675 55676 55677 55678 55679 55680 55681 55682 55683 55684 55685 55686 55687 55688	false
355	to create a unified and independent Commission staffing structure	55331 55332 55333 55334 55335 55336 55337 55338 55339	false
356	that , if the Council took more interest in his reforms , it would help their speedy and thorough implementation to achieve the end that we all want , which is the most professional and effective European civil service	55127 55128 55129 55130 55131 55132 55133 55134 55135 55136 55137 55138 55139 55140 55141 55142 55143 55144 55145 55146 55147 55148 55149 55150 55151 55152 55153 55154 55155 55156 55157 55158 55159 55160 55161 55162 55163 55164 55165	false
357	that possession of the building in something like 27 years would give us a very valuable piece of real estate in an extremely intensively developed part of Brussels	72994 72995 72996 72997 72998 72999 73000 73001 73002 73003 73004 73005 73006 73007 73008 73009 73010 73011 73012 73013 73014 73015 73016 73017 73018 73019 73020 73021	false
358	the quality has to be acceptable	72884 72885 72886 72887 72888 72889	false
359	there have to be legal guarantees	72891 72892 72893 72894 72895 72896	false
360	as to whether we are absolutely committed to reoccupying the renovated building	72963 72964 72965 72966 72967 72968 72969 72970 72971 72972 72973 72974	false
361	The price , if we are to reoccupy the Berlaymont , has to be satisfactory	72868 72869 72870 72871 72872 72873 72874 72875 72876 72877 72878 72879 72880 72881 72882	false
362	that they are under-fishing their quotas	51816 51817 51818 51819 51820 51821	false
363	improving the fisheries administration	51749 51750 51751 51752	false
364	boosting imports for its processing sector	51754 51755 51756 51757 51758 51759	false
365	how can this actually be ensured	51892 51893 51894 51895 51896 51897	false
366	what to do with these substances	65784 65785 65786 65787 65788 65789	false
367	that there was no satisfactory legal basis that could be devised for that proposal	65915 65916 65917 65918 65919 65920 65921 65922 65923 65924 65925 65926 65927 65928	false
368	that at present , we face a situation in which we have to manage the crisis on the old playing field in line with the old rules	56463 56464 56465 56466 56467 56468 56469 56470 56471 56472 56473 56474 56475 56476 56477 56478 56479 56480 56481 56482 56483 56484 56485 56486 56487 56488 56489	false
369	for a fundamental shift in our agricultural funding regime in favour of small-scale farming	56286 56287 56288 56289 56290 56291 56292 56293 56294 56295 56296 56297 56298 56299	true
370	to crack down on Basque independence campaigners	56065 56066 56067 56068 56069 56070 56071	false
371	to defeat ETA , not just ensure its disappearance	56086 56087 56088 56089 56090 56091 56092 56093 56094	false
372	that Scotland is to lose one seat on the Committee of the Regions , and the same is going to happen to Wales	52296 52297 52298 52299 52300 52301 52302 52303 52304 52305 52306 52307 52308 52309 52310 52311 52312 52313 52314 52315 52316 52317 52318	false
373	that there is careful monitoring to ensure that such boats are not subsequently reintegrated into the Community fleets and also that quotas are observed	51453 51454 51455 51456 51457 51458 51459 51460 51461 51462 51463 51464 51465 51466 51467 51468 51469 51470 51471 51472 51473 51474 51475 51476	false
374	for the sale of Community ships , which must be at least five years old , to be reflagged as Latvian vessels	51420 51421 51422 51423 51424 51425 51426 51427 51428 51429 51430 51431 51432 51433 51434 51435 51436 51437 51438 51439 51440 51441	false
375	to maintain overall fish stocks and not increase overall fishing capacity	51406 51407 51408 51409 51410 51411 51412 51413 51414 51415 51416	false
376	Since this is not a codecision matter , the best thing Parliament can do is to give an opinion as required and then leave matters to the Council to see if it can succeed where we have failed .	65239 65240 65241 65242 65243 65244 65245 65246 65247 65248 65249 65250 65251 65252 65253 65254 65255 65256 65257 65258 65259 65260 65261 65262 65263 65264 65265 65266 65267 65268 65269 65270 65271 65272 65273 65274 65275 65276 65277	false
377	But they also have an extremely useful and important role in that they save lives in their role as fire-retardants .	65619 65620 65621 65622 65623 65624 65625 65626 65627 65628 65629 65630 65631 65632 65633 65634 65635 65636 65637 65638 65639	false
378	that I will be able to do so on that occasion	55948 55949 55950 55951 55952 55953 55954 55955 55956 55957 55958	false
379	that a number who simply raised their hands during the course of the first part of this sitting were given preferential status	55887 55888 55889 55890 55891 55892 55893 55894 55895 55896 55897 55898 55899 55900 55901 55902 55903 55904 55905 55906 55907 55908	false
380	to raise a point of order while Madame Fontaine was in the chair	55869 55870 55871 55872 55873 55874 55875 55876 55877 55878 55879 55880 55881	false
381	modernizing the fleet	51745 51746 51747	false
382	There must be safer air travel , at least within the EU , and its safety must know no frontiers .	61345 61346 61347 61348 61349 61350 61351 61352 61353 61354 61355 61356 61357 61358 61359 61360 61361 61362 61363 61364 61365	false
383	that the Commission had declared in its document , albeit without binding itself , that it would consider preparing legislation that provided for sanctions under criminal law on illicit activities in connection with nuclear materials	61834 61835 61836 61837 61838 61839 61840 61841 61842 61843 61844 61845 61846 61847 61848 61849 61850 61851 61852 61853 61854 61855 61856 61857 61858 61859 61860 61861 61862 61863 61864 61865 61866 61867 61868	false
384	animal testing in the matter of cosmetic products	66583 66584 66585 66586 66587 66588 66589 66590	true
385	access by certain human rights organisations to Algeria	66325 66326 66327 66328 66329 66330 66331 66332	true
386	of negotiating an interim agreement	66410 66411 66412 66413 66414	false
387	to determine their own criminal justice systems	53077 53078 53079 53080 53081 53082 53083	false
388	The calls for a specific European legal base infringe the principle of subsidiarity .	53094 53095 53096 53097 53098 53099 53100 53101 53102 53103 53104 53105 53106 53107	false
389	However , the measures called for in Article 18 of the Avils Perea report represent an infringement of the Member States ' right to determine their own criminal justice systems and represent measures to introduce harmonisation of criminal law .	53054 53055 53056 53057 53058 53059 53060 53061 53062 53063 53064 53065 53066 53067 53068 53069 53070 53071 53072 53073 53074 53075 53076 53077 53078 53079 53080 53081 53082 53083 53084 53085 53086 53087 53088 53089 53090 53091 53092 53093	false
390	that national parliaments and not the European Parliament should lay down laws relating , for example , to eviction of violent partners	53111 53112 53113 53114 53115 53116 53117 53118 53119 53120 53121 53122 53123 53124 53125 53126 53127 53128 53129 53130 53131 53132	false
391	that export refunds should be ended	60979 60980 60981 60982 60983 60984	false
392	to bring together agricultural and synthetic ethyl alcohol	66009 66010 66011 66012 66013 66014 66015 66016	false
393	excessive laxity in monitoring and in imposing penalties	60703 60704 60705 60706 60707 60708 60709 60710	true
394	cooperation between national authorities that is poor or utterly lacking in coordination	60689 60690 60691 60692 60693 60694 60695 60696 60697 60698 60699 60700	true
395	that the project be withdrawn for reconsideration by the Commission	65951 65952 65953 65954 65955 65956 65957 65958 65959 65960	false
396	to cover synthetic as well as agriculturally originating ethyl alcohol	65882 65883 65884 65885 65886 65887 65888 65889 65890 65891	false
397	that the scope of the original Commission proposal was too broad and there were a considerable number of concerns regarding the issues of sovereignty , the regulatory framework and in particular the autonomy of the proposed agency	61085 61086 61087 61088 61089 61090 61091 61092 61093 61094 61095 61096 61097 61098 61099 61100 61101 61102 61103 61104 61105 61106 61107 61108 61109 61110 61111 61112 61113 61114 61115 61116 61117 61118 61119 61120 61121	false
398	to vote against certain reports	53007 53008 53009 53010 53011	false
399	to finance and administer the necessary reconstruction	52823 52824 52825 52826 52827 52828 52829	false
400	of giving equal opportunities policy a fixed place as a mainstream function in the complex of employment and social affairs	60380 60381 60382 60383 60384 60385 60386 60387 60388 60389 60390 60391 60392 60393 60394 60395 60396 60397 60398 60399	false
401	to be able to say to him whether that overall price is satisfactory to us , whether it meets the needs we have or what our eventual position following the conclusion of negotiations will be about that price	72797 72798 72799 72800 72801 72802 72803 72804 72805 72806 72807 72808 72809 72810 72811 72812 72813 72814 72815 72816 72817 72818 72819 72820 72821 72822 72823 72824 72825 72826 72827 72828 72829 72830 72831 72832 72833 72834	false
402	"that a marketing ban would be , as they say , "" not WTO-secure """	67173 67174 67175 67176 67177 67178 67179 67180 67181 67182 67183 67184 67185 67186 67187	false
403	to ensure efficient , value-for-money spending with proper , generous effects for the people who should be the recipients of such development support	72712 72713 72714 72715 72716 72717 72718 72719 72720 72721 72722 72723 72724 72725 72726 72727 72728 72729 72730 72731 72732 72733 72734	false
404	to achieve price transparency and to ensure a level playing field	53593 53594 53595 53596 53597 53598 53599 53600 53601 53602 53603	false
405	to further spell out the Commission 's approach	72768 72769 72770 72771 72772 72773 72774 72775	false
406	to introduce checks on other criteria	76690 76691 76692 76693 76694 76695	false
407	that we are counselled continually by those who are expert in this field that a more liberal attitude towards the purchase of goods from Third World countries would do more to stimulate world trade and conquer poverty	72490 72491 72492 72493 72494 72495 72496 72497 72498 72499 72500 72501 72502 72503 72504 72505 72506 72507 72508 72509 72510 72511 72512 72513 72514 72515 72516 72517 72518 72519 72520 72521 72522 72523 72524 72525 72526	false
408	that voluntary donations are the preferred option in the EU	67615 67616 67617 67618 67619 67620 67621 67622 67623 67624	false
409	to use a financial framework for the purposes of moving the Moroccan authorities more in the direction that the honourable Member would want	72334 72335 72336 72337 72338 72339 72340 72341 72342 72343 72344 72345 72346 72347 72348 72349 72350 72351 72352 72353 72354 72355 72356	false
410	that the principle of subsidiarity must be upheld in this domain	53639 53640 53641 53642 53643 53644 53645 53646 53647 53648 53649	false
411	notification	53697	true
412	of this playing a role in the specific context of Equatorial Guinea	59965 59966 59967 59968 59969 59970 59971 59972 59973 59974 59975 59976	false
413	until we get serious , the industry will not get truly serious	66612 66613 66614 66615 66616 66617 66618 66619 66620 66621 66622 66623	false
414	We strongly believe that national parliaments and not the European Parliament should lay down laws relating , for example , to eviction of violent partners .	53108 53109 53110 53111 53112 53113 53114 53115 53116 53117 53118 53119 53120 53121 53122 53123 53124 53125 53126 53127 53128 53129 53130 53131 53132 53133	false
415	to scrutinise and control the EU 's Budget	60321 60322 60323 60324 60325 60326 60327 60328	false
416	that it would still be the consumer who lost out in all this	53290 53291 53292 53293 53294 53295 53296 53297 53298 53299 53300 53301 53302	false
417	that , unless we are able to send a clear signal by reasserting the position we took at first reading , there will not be that incentive that comes from the clear knowledge that these sanctions are there and will be implemented	66666 66667 66668 66669 66670 66671 66672 66673 66674 66675 66676 66677 66678 66679 66680 66681 66682 66683 66684 66685 66686 66687 66688 66689 66690 66691 66692 66693 66694 66695 66696 66697 66698 66699 66700 66701 66702 66703 66704 66705 66706 66707	false
418	that European citizens are able to compare prices across borders	53523 53524 53525 53526 53527 53528 53529 53530 53531 53532	false
419	that different types of sales promotion exist in member states and therefore cross-border price transparency is effectively distorted	53543 53544 53545 53546 53547 53548 53549 53550 53551 53552 53553 53554 53555 53556 53557 53558 53559 53560	false
420	that over the last eight months several huge seizures of illegal drugs and narcotics have been made across the European Union	54735 54736 54737 54738 54739 54740 54741 54742 54743 54744 54745 54746 54747 54748 54749 54750 54751 54752 54753 54754 54755	false
421	that the security interests not only of the European Union but also of Turkey should be guaranteed by the operation of the rapid reaction force	63364 63365 63366 63367 63368 63369 63370 63371 63372 63373 63374 63375 63376 63377 63378 63379 63380 63381 63382 63383 63384 63385 63386 63387 63388	false
422	in facilitating access to terminal equipment for disabled users	58615 58616 58617 58618 58619 58620 58621 58622 58623	false
423	to help to ensure that disabled users benefit equally from electronic communications	58596 58597 58598 58599 58600 58601 58602 58603 58604 58605 58606 58607	false
424	that I was hoping that - linking back to what Mr Hyland was talking about earlier - it would be possible during your time in the presidency to undertake a joint initiative between young people and the presidency to ask young people about the dangers facing them and try and alleviate some of the social problems and issues people face that drive them into the drug culture	54852 54853 54854 54855 54856 54857 54858 54859 54860 54861 54862 54863 54864 54865 54866 54867 54868 54869 54870 54871 54872 54873 54874 54875 54876 54877 54878 54879 54880 54881 54882 54883 54884 54885 54886 54887 54888 54889 54890 54891 54892 54893 54894 54895 54896 54897 54898 54899 54900 54901 54902 54903 54904 54905 54906 54907 54908 54909 54910 54911 54912 54913 54914 54915 54916 54917 54918	false
425	of universal access for all	58455 58456 58457 58458 58459	true
426	In your report will you look at the role the collecting societies for the copyright owners are playing in this field which also prevents the functioning of the internal market ?	71855 71856 71857 71858 71859 71860 71861 71862 71863 71864 71865 71866 71867 71868 71869 71870 71871 71872 71873 71874 71875 71876 71877 71878 71879 71880 71881 71882 71883 71884 71885	false
427	of the public , who play a crucial part in all our environmental decisions and projects , slowly becoming resigned to it	68812 68813 68814 68815 68816 68817 68818 68819 68820 68821 68822 68823 68824 68825 68826 68827 68828 68829 68830 68831 68832 68833	false
428	are you also going to look at the differences in operation between cable and satellite that also exist in the directive and are also unsatisfactory ?	71829 71830 71831 71832 71833 71834 71835 71836 71837 71838 71839 71840 71841 71842 71843 71844 71845 71846 71847 71848 71849 71850 71851 71852 71853 71854	false
429	to ban these products	72073 72074 72075 72076	false
430	I believe that the transitional periods have been extended too far .	68446 68447 68448 68449 68450 68451 68452 68453 68454 68455 68456 68457	false
431	not to make a reference to the European Court of Justice	75595 75596 75597 75598 75599 75600 75601 75602 75603 75604 75605	false
432	of participating in the future , for example , in the Galileo Project , whether or not it has a defence role	63728 63729 63730 63731 63732 63733 63734 63735 63736 63737 63738 63739 63740 63741 63742 63743 63744 63745 63746 63747 63748 63749	false
433	the creation of the European Company	75608 75609 75610 75611 75612 75613	true
434	that the motivation behind the proposal to ban these products was political	72067 72068 72069 72070 72071 72072 72073 72074 72075 72076 72077 72078	false
435	that we do need separation of the powers	54552 54553 54554 54555 54556 54557 54558 54559	false
436	that the evidence of no incidence of foot-and-mouth - or very low incidence in one or two countries - is testimony to that fact	58180 58181 58182 58183 58184 58185 58186 58187 58188 58189 58190 58191 58192 58193 58194 58195 58196 58197 58198 58199 58200 58201 58202 58203	false
437	Would he not agree with me that the hype being put forward in the media about intensive farming/ factory farming has nothing to do with all this ?	58085 58086 58087 58088 58089 58090 58091 58092 58093 58094 58095 58096 58097 58098 58099 58100 58101 58102 58103 58104 58105 58106 58107 58108 58109 58110 58111 58112	false
438	that the gods have deserted them entirely after BSE	57836 57837 57838 57839 57840 57841 57842 57843 57844	false
439	to build a rail link crossing North and South Korea	53965 53966 53967 53968 53969 53970 53971 53972 53973 53974	false
440	whether it is possible for the Commission to consider compensation , not only for those farmers that are directly hit by foot-and-mouth disease , but those that are also closed down by not being able to move their livestock	57857 57858 57859 57860 57861 57862 57863 57864 57865 57866 57867 57868 57869 57870 57871 57872 57873 57874 57875 57876 57877 57878 57879 57880 57881 57882 57883 57884 57885 57886 57887 57888 57889 57890 57891 57892 57893 57894 57895	false
441	to end the use of animal testing for cosmetics	68118 68119 68120 68121 68122 68123 68124 68125 68126	false
442	of banning so many products and processes - even research itself in some instances -	72221 72222 72223 72224 72225 72226 72227 72228 72229 72230 72231 72232 72233 72234 72235	false
443	for legal residence over a period of five years	76581 76582 76583 76584 76585 76586 76587 76588 76589	true
444	to now replace this sales ban with a mere test ban	68094 68095 68096 68097 68098 68099 68100 68101 68102 68103 68104	false
445	that in the present climate , when the European Commission is being put into a position of banning so many products and processes - even research itself in some instances - it is extremely important that what we do is seen to be soundly based and reliable	72205 72206 72207 72208 72209 72210 72211 72212 72213 72214 72215 72216 72217 72218 72219 72220 72221 72222 72223 72224 72225 72226 72227 72228 72229 72230 72231 72232 72233 72234 72235 72236 72237 72238 72239 72240 72241 72242 72243 72244 72245 72246 72247 72248 72249 72250 72251	false
446	of the free movement of goods across the European Union	76158 76159 76160 76161 76162 76163 76164 76165 76166 76167	true
447	to reach the continent of Europe	72293 72294 72295 72296 72297 72298	false
448	that the UK , as an island , occupies a unique position within the EU	62942 62943 62944 62945 62946 62947 62948 62949 62950 62951 62952 62953 62954 62955 62956	false
449	I believe anything less than this to be insufficient and unsatisfactory	68336 68337 68338 68339 68340 68341 68342 68343 68344 68345 68346	false
450	that the draft agreement remains fairly secretive	63333 63334 63335 63336 63337 63338 63339	false
451	in gaining access to programmes broadcast from other Member States via satellite	70941 70942 70943 70944 70945 70946 70947 70948 70949 70950 70951 70952	false
452	that the Member States will be enabled to introduce checks on other criteria such as language skills , housing accommodation and more along similar lines	76683 76684 76685 76686 76687 76688 76689 76690 76691 76692 76693 76694 76695 76696 76697 76698 76699 76700 76701 76702 76703 76704 76705 76706 76707	false
453	to overcome difficulties with regard to prosecuting all forms of cross-border crime	62769 62770 62771 62772 62773 62774 62775 62776 62777 62778 62779 62780	false
454	the checks before long-term resident status is granted , such as the requirement for legal residence over a period of five years and checks being made as to whether the person in question has sufficient funds available for himself and for the family that can expect him to provide for them , or the requirement that he has a job and has social and retirement insurance	76568 76569 76570 76571 76572 76573 76574 76575 76576 76577 76578 76579 76580 76581 76582 76583 76584 76585 76586 76587 76588 76589 76590 76591 76592 76593 76594 76595 76596 76597 76598 76599 76600 76601 76602 76603 76604 76605 76606 76607 76608 76609 76610 76611 76612 76613 76614 76615 76616 76617 76618 76619 76620 76621 76622 76623 76624 76625 76626 76627 76628 76629 76630 76631 76632 76633	false
455	that he has a job and has social and retirement insurance	76623 76624 76625 76626 76627 76628 76629 76630 76631 76632 76633	false
456	to create a European network of permanent national football information points	62510 62511 62512 62513 62514 62515 62516 62517 62518 62519 62520	false
457	that the directive I referred to earlier , which was adopted in 1993 , does not give the Commission a sufficient legal basis for infringement proceedings which might have been available to the Commission if the legal situation had been different	71264 71265 71266 71267 71268 71269 71270 71271 71272 71273 71274 71275 71276 71277 71278 71279 71280 71281 71282 71283 71284 71285 71286 71287 71288 71289 71290 71291 71292 71293 71294 71295 71296 71297 71298 71299 71300 71301 71302 71303 71304	false
458	that in at least one Member State there exists more than one national football team	62408 62409 62410 62411 62412 62413 62414 62415 62416 62417 62418 62419 62420 62421 62422	false
459	that Scotland is not yet an independent Member State	62440 62441 62442 62443 62444 62445 62446 62447 62448	false
460	that the situation at present is highly unsatisfactory	71221 71222 71223 71224 71225 71226 71227 71228	false
461	that it really is time to create optimum conditions in the European Union	58974 58975 58976 58977 58978 58979 58980 58981 58982 58983 58984 58985 58986	false
462	that a person 's achievements count for more than his or her sex	58882 58883 58884 58885 58886 58887 58888 58889 58890 58891 58892 58893 58894	false
463	that the 48 poorest countries have been allowed to export all their products to the Union duty free since the year 2000.	59178 59179 59180 59181 59182 59183 59184 59185 59186 59187 59188 59189 59190 59191 59192 59193 59194 59195 59196 59197 59198 59199	false
464	the participation of adults in educational programmes	69053 69054 69055 69056 69057 69058 69059	true
465	to make sure that the Community operates as a community and in accordance with its founding treaties	71508 71509 71510 71511 71512 71513 71514 71515 71516 71517 71518 71519 71520 71521 71522 71523 71524	false
466	to take an active part in the process of development and actively contribute to the improvement of living conditions	69181 69182 69183 69184 69185 69186 69187 69188 69189 69190 69191 69192 69193 69194 69195 69196 69197 69198 69199	false
467	to spend every day in search of food	69134 69135 69136 69137 69138 69139 69140 69141	false
468	to use information given by national information centres to other Member States	62268 62269 62270 62271 62272 62273 62274 62275 62276 62277 62278 62279	false
469	to facilitate access to global communications in order to make social benefits possible	69229 69230 69231 69232 69233 69234 69235 69236 69237 69238 69239 69240 69241	false
470	that people need incentives to become involved in achieving the goal of sustainable development	69293 69294 69295 69296 69297 69298 69299 69300 69301 69302 69303 69304 69305 69306	false
471	to equate breaches of EU environmental law with a criminal offence	61988 61989 61990 61991 61992 61993 61994 61995 61996 61997 61998	false
472	to make sure that national information centres or relevant authorities or police forces , if offered information , would agree to their use in legal proceedings in the Member State where the football fan was arrested	62145 62146 62147 62148 62149 62150 62151 62152 62153 62154 62155 62156 62157 62158 62159 62160 62161 62162 62163 62164 62165 62166 62167 62168 62169 62170 62171 62172 62173 62174 62175 62176 62177 62178 62179 62180	false
473	to allow Member States to equate breaches of EU environmental law with a criminal offence	61984 61985 61986 61987 61988 61989 61990 61991 61992 61993 61994 61995 61996 61997 61998	false
474	How are the severe restrictions on movements of animals being enforced , Commissioner ?	56890 56891 56892 56893 56894 56895 56896 56897 56898 56899 56900 56901 56902 56903	false
475	the travelling ban	56946 56947 56948	true
476	culling	56944	true
477	How secure is the situation in the European Community regarding labelling obligations ?	56928 56929 56930 56931 56932 56933 56934 56935 56936 56937 56938 56939 56940	false
478	to create a European-wide portal which would provide easy access to all European destinations	73790 73791 73792 73793 73794 73795 73796 73797 73798 73799 73800 73801 73802 73803	false
479	of meeting the undoubted requirements he has set out for improving the quality of consumer protection by means other than a directive	70315 70316 70317 70318 70319 70320 70321 70322 70323 70324 70325 70326 70327 70328 70329 70330 70331 70332 70333 70334 70335 70336	false
480	How do you intend to improve the evaluation of the impact assessment in terms of cost ?	70509 70510 70511 70512 70513 70514 70515 70516 70517 70518 70519 70520 70521 70522 70523 70524 70525	false
481	What improvements do you intend to make in terms of consultation of all the actors involved - consumers , SMEs , and the government departments that will have to implement any particular laws that emerge from this ?	70471 70472 70473 70474 70475 70476 70477 70478 70479 70480 70481 70482 70483 70484 70485 70486 70487 70488 70489 70490 70491 70492 70493 70494 70495 70496 70497 70498 70499 70500 70501 70502 70503 70504 70505 70506 70507 70508	false
482	that it is important to have fewer bankruptcies	74306 74307 74308 74309 74310 74311 74312 74313	false
483	that the Parliament and the Council also include the same logic	74225 74226 74227 74228 74229 74230 74231 74232 74233 74234 74235	false
484	to call for the much-needed reforms	56572 56573 56574 56575 56576 56577	false
485	for a fundamental reform of the agricultural policy	56607 56608 56609 56610 56611 56612 56613 56614	true
486	vaccination	56826	true
487	why are entrepreneurs so respected and appreciated and yet so few people want to become entrepreneurs ?	74335 74336 74337 74338 74339 74340 74341 74342 74343 74344 74345 74346 74347 74348 74349 74350 74351	false
488	what do you think about that in the aftermath of this scandal ?	70873 70874 70875 70876 70877 70878 70879 70880 70881 70882 70883 70884 70885	false
489	for some independent assessment	74466 74467 74468 74469	true
490	Should we not , after all , impose this obligation on the authorities earlier ?	70886 70887 70888 70889 70890 70891 70892 70893 70894 70895 70896 70897 70898 70899 70900	false
491	that , within the internal market , citizens should be able to receive television services from other Member States	70910 70911 70912 70913 70914 70915 70916 70917 70918 70919 70920 70921 70922 70923 70924 70925 70926 70927 70928	false
492	Can you guarantee to make available all consultations on the web so that these will be available for consultation ?	70526 70527 70528 70529 70530 70531 70532 70533 70534 70535 70536 70537 70538 70539 70540 70541 70542 70543 70544 70545	false
493	that the impact assessments being done by the directorates-general themselves would perhaps be a little too favourable towards the proposals	74476 74477 74478 74479 74480 74481 74482 74483 74484 74485 74486 74487 74488 74489 74490 74491 74492 74493 74494 74495	false
494	to trade fairly	70714 70715 70716	false
495	of proof	57432 57433	true
496	to stop the disease spreading	57714 57715 57716 57717 57718	false
497	that there is no point in agreeing a commitment to eliminate child labour and then relying on exclusively voluntary agreements with business to achieve this and other legitimate development goals	69828 69829 69830 69831 69832 69833 69834 69835 69836 69837 69838 69839 69840 69841 69842 69843 69844 69845 69846 69847 69848 69849 69850 69851 69852 69853 69854 69855 69856 69857	false
498	that an independent view on the assessment is a very valid one	74605 74606 74607 74608 74609 74610 74611 74612 74613 74614 74615 74616	false
499	to eliminate child labour	69837 69838 69839 69840	false
500	to start impact assessment gradually from the beginning of next year for all major proposals	74562 74563 74564 74565 74566 74567 74568 74569 74570 74571 74572 74573 74574 74575 74576	false
501	that we still do not have a more or less reliable indication of by what percentage freight traffic , in particular , is expected to increase	74842 74843 74844 74845 74846 74847 74848 74849 74850 74851 74852 74853 74854 74855 74856 74857 74858 74859 74860 74861 74862 74863 74864 74865 74866 74867	false
502	of by what percentage freight traffic , in particular , is expected to increase	74854 74855 74856 74857 74858 74859 74860 74861 74862 74863 74864 74865 74866 74867	false
503	How prepared are you to vaccinate animals which must surely be scattered throughout Europe on a strategic basis in order to help prevent the disease from spreading ?	56955 56956 56957 56958 56959 56960 56961 56962 56963 56964 56965 56966 56967 56968 56969 56970 56971 56972 56973 56974 56975 56976 56977 56978 56979 56980 56981 56982	false
504	Are you well prepared ?	56983 56984 56985 56986 56987	false
505	Has the British Government applied for full funding from the EU , using agrimonetary systems and other systems , and what is the position of sheep in Germany ?	57139 57140 57141 57142 57143 57144 57145 57146 57147 57148 57149 57150 57151 57152 57153 57154 57155 57156 57157 57158 57159 57160 57161 57162 57163 57164 57165 57166 57167	false
506	Have we finally sorted the problem of infected sheep ?	57168 57169 57170 57171 57172 57173 57174 57175 57176 57177	false
507	to give us reassurances in relation to the Armagh case straddling the border between the north of Ireland and the Republic , where we have word today of a suspect case again	57184 57185 57186 57187 57188 57189 57190 57191 57192 57193 57194 57195 57196 57197 57198 57199 57200 57201 57202 57203 57204 57205 57206 57207 57208 57209 57210 57211 57212 57213 57214 57215	false
508	that traces of nitrofen will be found in other countries and in the conventional farming sector as well	70208 70209 70210 70211 70212 70213 70214 70215 70216 70217 70218 70219 70220 70221 70222 70223 70224 70225	false
509	We in Europe too should criticise what Israel has done , because we should measure Israel by the yardsticks that we have in common , those of constitutionality and the protection of human rights .	64404 64405 64406 64407 64408 64409 64410 64411 64412 64413 64414 64415 64416 64417 64418 64419 64420 64421 64422 64423 64424 64425 64426 64427 64428 64429 64430 64431 64432 64433 64434 64435 64436 64437 64438	false
510	to reach agreement	69310 69311 69312	false
511	that we are no longer capable of distinguishing between cause and effect	64614 64615 64616 64617 64618 64619 64620 64621 64622 64623 64624 64625	false
512	Firstly , do feedingstuffs not also have to be checked regularly , and not just the foodstuffs that , as it were , result from them ?	70129 70130 70131 70132 70133 70134 70135 70136 70137 70138 70139 70140 70141 70142 70143 70144 70145 70146 70147 70148 70149 70150 70151 70152 70153 70154 70155	false
513	to topple the Palestinian Authority	64210 64211 64212 64213 64214	false
514	Thirdly , if you are - as you have hinted - resuming checks for nitrofen , are you working on the assumption that traces of nitrofen will be found in other countries and in the conventional farming sector as well ?	70186 70187 70188 70189 70190 70191 70192 70193 70194 70195 70196 70197 70198 70199 70200 70201 70202 70203 70204 70205 70206 70207 70208 70209 70210 70211 70212 70213 70214 70215 70216 70217 70218 70219 70220 70221 70222 70223 70224 70225 70226	false
515	to promote women	75209 75210 75211	false
516	Secondly , must this not apply particularly to imports from countries in which sprays containing nitrofen continue to be used or where large stocks of them are still available ?	70156 70157 70158 70159 70160 70161 70162 70163 70164 70165 70166 70167 70168 70169 70170 70171 70172 70173 70174 70175 70176 70177 70178 70179 70180 70181 70182 70183 70184 70185	false
517	How are products containing these substances to be prevented from getting onto the market , as products containing nitrofen are at present managing to do in Germany ?	70029 70030 70031 70032 70033 70034 70035 70036 70037 70038 70039 70040 70041 70042 70043 70044 70045 70046 70047 70048 70049 70050 70051 70052 70053 70054 70055 70056	false
518	How will the Commission guarantee in future that these substances will be tested for in the Member States ?	70010 70011 70012 70013 70014 70015 70016 70017 70018 70019 70020 70021 70022 70023 70024 70025 70026 70027 70028	false
519	The framework programme for additional funds to research geological disposal of radioactive waste	75456 75457 75458 75459 75460 75461 75462 75463 75464 75465 75466 75467 75468	true
